"","HDI","e.finit.n","e.finit.s","e.grth.n","e.inov.n","e.inov.s","e.cinov.n","e.cinov.s","v.spoll.n","v.spoll.s","v.cfsus.n","v.cfsus.s","v.drop.n","v.drop.s"
"1",0.0288842,2.428,1.5,0.01708,0.0449,0.01686,0.00869,0.00595,6.71,6.51,1.2128,1.1808,0.00431,0.00593
"2",0.0543428,3.18,3.284,0.03612,0.0497,0.01086,0.00989,0.00347,4.95,6.59,0.6784,0.6752,0.00861,0.00753
"3",-0.0343462,3.532,0.364,0.0342,0.00542,0.00594,0.00897,0.00411,6.79,4.09,1.0928,0.7136,0.00867,0.00883
"4",0.00859082,0.3,3.06,0.01036,0.01262,0.01122,0.00665,0.00815,1.65,2.51,0.7136,1.1728,0.00513,0.00751
"5",-0.051439,1.02,0.292,0.03372,0.00338,-0.0249,0.00039,0.00323,4.71,5.67,0.9088,1.1696,0.00079,0.00505
"6",-0.0920024,2.764,3.98,0.01636,0.00206,-0.02478,0.00289,0.00879,6.37,7.69,1.208,0.784,0.00797,0.00661
"7",-0.0595841,1.436,3.436,0.00196,-0.00718,-0.01194,0.00053,0.00103,3.01,0.25,0.8176,0.8592,0.00845,0.00445
"8",0.0290374,2.38,3.628,0.02028,0.04994,-0.01254,0.00685,0.00843,4.17,6.55,0.768,0.6096,0.00615,0.00091
"9",0.0257,3.252,3.052,0.0174,0.0287,0.02706,0.00069,0.00281,9.85,7.91,0.7984,0.8576,0.00205,0.00449
"10",-0.0948189,2.924,3.388,0.01716,-0.00598,-0.02694,0.00169,0.00481,8.59,5.23,0.8192,0.8,0.00959,0.00383
"11",0.0124209,3.74,2.58,0.0014,0.04766,0.00378,0.00591,0.00373,0.15,5.49,0.8752,0.7808,0.00131,0.00317
"12",0.00783458,2.26,0.356,0.01228,-0.00934,0.00294,0.00397,0.00179,1.13,8.57,1.2384,0.9232,0.00817,0.00855
"13",-0.0163358,1.828,3.604,0.00756,-0.0049,0.00078,0.00071,0.00853,2.29,5.95,0.968,0.72,0.00857,0.00389
"14",0.00560883,0.116,1.524,0.00996,0.0479,0.02718,0.00353,0.00013,5.05,4.43,0.5856,0.6384,0.00809,0.00181
"15",-0.020816,3.284,0.94,0.01492,0.00482,-0.00546,0.00067,0.00757,8.45,4.65,0.552,1.104,0.00133,0.00837
"16",0.0210693,2.988,0.652,0.02716,0.0239,-0.01086,0.00331,0.00293,9.47,6.61,1.1376,1.1776,0.00577,0.00487
"17",-0.0551974,2.444,0.972,0.01804,0.01958,-0.0177,0.00197,0.00563,0.11,0.95,0.5264,0.7824,0.00333,0.00797
"18",0.0445325,3.028,2.164,0.03884,0.02774,0.00678,0.00993,5e-05,4.89,8.81,1.0224,1.2752,0.00041,0.00207
"19",0.0221728,0.588,2.98,0.01588,0.01682,0.00906,0.00701,0.00361,6.05,9.39,1.2816,0.6192,0.00825,0.00997
"20",0.000832564,2.564,1.692,0.00044,-0.00562,3e-04,0.00355,0.00233,7.75,5.59,1.256,0.9072,0.00129,0.00023
"21",0.00875572,0.22,0.26,0.02516,0.02138,0.02442,0.00133,0.00111,9.57,6.21,1.2096,0.5872,0.00215,0.00947
"22",0.0366902,2.212,2.692,0.03844,0.01382,0.02898,0.00305,0.00861,8.77,6.05,1.0384,0.7104,0.00573,5e-05
"23",-0.108358,2.1,2.7,0.02836,0.00722,-0.01638,0.00647,0.00989,0.71,9.03,0.9856,1.2896,0.00767,0.00919
"24",-0.0248265,1.964,3.908,0.02644,-0.0013,-0.0075,0.00453,0.00177,4.21,2.33,0.7264,0.8656,0.00217,0.00621
"25",0.0173484,2.172,2.82,0.01524,0.02102,-0.01158,0.00179,0.00181,3.93,3.43,0.7872,0.968,0.00383,0.00509
"26",0.017045,0.228,3.46,0.01436,0.04874,-0.00126,0.00837,0.00063,7.81,6.11,0.944,0.7344,0.00787,0.00099
"27",-0.00570508,2.412,1.156,0.03492,0.0155,-0.00678,0.00373,0.00465,4.35,3.71,1.0464,0.8624,0.00579,0.00337
"28",-0.119997,0.316,0.004,0.01836,-0.0025,-0.0099,0.00767,0.00479,3.75,0.85,1.1808,0.7584,0.00363,0.00033
"29",-0.0893222,0.932,0.996,0.03796,0.03722,-0.02934,0.00489,0.00667,6.87,0.01,1.2768,0.528,0.00027,0.00203
"30",0.00741747,1.14,3.716,0.00156,0.03782,-0.00426,0.00033,0.00997,7.39,5.53,0.5088,0.624,0.00713,0.00339
"31",0.0236308,3.924,0.916,0.02252,0.03122,0.00822,0.00259,0.00079,7.71,7.15,0.5232,0.552,0.00991,0.00013
"32",0.00285838,3.428,0.86,0.00404,-0.00226,-0.00882,0.00025,0.00153,9.79,7.13,1.272,1,0.00553,0.00433
"33",0.0295717,1.78,0.828,0.02884,0.02762,-0.00894,0.00509,0.00285,7.09,1.29,1.136,0.7184,0.00653,0.00575
"34",0.00583187,1.564,0.388,0.00908,0.0425,0.02778,0.00329,0.00371,9.51,1.05,0.512,0.8464,0.00875,0.00735
"35",0.0112974,2.164,0.5,0.00308,0.01454,0.02622,0.00479,0.00109,4.99,2.93,0.5344,0.9648,0.00135,0.00869
"36",0.00853189,3.044,1.564,0.00628,0.04778,0.0069,0.00959,0.00771,3.67,0.61,1.0368,0.9744,0.00703,0.00053
"37",-0.0139706,0.82,0.172,0.00324,0.04202,0.00042,0.00227,0.00805,9.69,8.63,1.2032,1.2944,0.00265,0.00499
"38",0.0130895,0.732,0.316,0.01116,0.0347,0.00402,0.00231,0.00931,4.59,6.95,1.0208,1.2032,0.00415,0.00881
"39",-0.00968108,2.276,0.148,0.00388,0.00782,-0.00498,0.00845,0.00627,2.83,3.37,0.6624,0.9024,0.00743,0.00531
"40",-0.0706888,3.62,1.78,0.0062,0.01322,0.00102,0.00421,0.00193,7.65,0.83,0.5184,0.6128,0.00689,0.00223
"41",0.00902729,0.676,3.772,0.00532,0.03014,-0.01902,0.00695,0.00023,0.97,7.21,1.2352,1.096,0.00889,0.00431
"42",-0.00603617,1.292,2.812,0.01652,0.00038,-0.00102,0.00295,0.00463,3.63,7.09,1.0528,1.12,0.00761,0.00095
"43",-0.262881,1.756,2.02,0.00356,-0.00622,0.01446,0.00189,0.00251,0.39,0.29,1.2272,1.2048,0.00097,0.00971
"44",0.0192309,2.524,3.7,0.02212,0.02654,-0.01326,0.00035,0.00499,2.03,9.29,0.976,0.5408,0.00193,0.00313
"45",0.00153113,1.308,3.86,0.01276,0.00938,-0.01434,0.00413,0.00419,8.85,6.79,1.0128,0.744,0.00801,0.00953
"46",-0.00744194,0.348,3.476,0.01084,0.01634,0.00582,0.00997,0.00965,0.63,6.65,0.7088,0.864,0.00221,0.00247
"47",0.0261775,1.244,3.572,0.02348,0.03026,0.02838,0.00749,0.00763,9.27,0.51,0.5696,0.6288,0.00931,3e-05
"48",-0.0246078,0.548,0.764,0.00284,0.04814,-0.02154,0.00829,0.00491,5.87,0.27,0.7328,1.0352,0.00103,0.00379
"49",0.0127382,2.98,2.244,0.00676,0.01154,0.01254,0.00459,0.00195,3.05,8.65,1.144,1.0416,0.00955,0.00109
"50",-0.0925464,0.836,3.132,0.03156,0.02294,-0.0243,0.00203,0.00683,8.51,8.99,0.8128,0.8352,0.00525,0.00497
"51",-0.120021,3.5,0.052,0.02524,-0.00958,-0.02358,0.00671,0.00739,6.85,5.45,0.9744,0.6784,0.00799,0.00393
"52",-0.0163255,0.372,2.444,0.0202,-0.00922,-0.02382,0.00041,0.00115,4.15,9.15,0.8976,1.1648,0.00963,0.00511
"53",-0.0240905,2.796,0.156,0.03108,-0.00466,0.02634,0.00363,0.00035,0.55,2.53,1.1568,0.6992,0.00827,0.00551
"54",0.00996377,3.708,2.284,0.00052,0.01166,0.0231,0.00643,0.00915,1.61,6.29,1.1408,0.88,0.00307,0.00793
"55",0.0145864,0.076,0.372,0.02012,0.02426,0.0153,0.00377,0.00255,7.89,0.21,0.5104,1.0752,0.00073,0.00341
"56",-0.102782,1.156,2.1,0.033,-0.00178,-0.00582,0.00783,0.00083,7.93,0.19,1.0848,0.6656,0.00455,0.00163
"57",-0.0956064,2.66,3.196,0.03916,-0.00406,0.01338,0.00359,0.00695,3.81,1.99,1.2304,1.0256,0.00663,0.00729
"58",-0.0580664,0.468,3.796,0.03468,0.03422,-0.02586,0.00769,0.00753,0.99,1.55,0.8416,0.5696,0.00547,0.00235
"59",0.0173017,0.828,1.644,0.01332,0.01442,0.01734,0.00435,0.00707,5.95,0.87,0.7232,1.2864,0.00607,0.00553
"60",0.0218539,2.044,1.284,0.00524,0.03158,0.01758,0.00515,0.00601,2.25,8.39,1.1488,0.9408,0.00507,0.00039
"61",0.0455623,1.42,0.212,0.03228,0.03518,-0.00978,0.00521,0.00075,7.57,7.79,1.2224,0.6544,0.00765,0.00149
"62",-0.0671673,2.308,0.42,0.00508,-0.0061,-0.02058,0.00981,0.00701,4.47,4.89,1.16,0.6496,0.00815,0.00977
"63",-0.0383556,2.836,3.364,0.02068,0.03818,-0.01026,0.00245,0.00935,3.35,0.15,1.2672,0.8704,0.00405,0.00859
"64",-0.00278652,0.78,3.58,0.031,0.0251,-0.02226,0.00699,0.00329,4.91,3.01,0.8288,1.2848,0.00403,0.00479
"65",-0.0211499,0.916,3.172,0.03116,0.03734,-0.01554,0.00805,0.00789,0.17,9.91,0.9072,1.1104,0.00409,0.00409
"66",0.00763242,0.42,2.74,0.0386,0.04262,0.01962,0.00117,0.00161,6.45,0.57,0.5408,0.7968,0.00731,0.00169
"67",0.00945252,2.86,1.092,0.00716,0.03398,-0.02514,0.00207,0.00859,9.07,8.91,0.792,1.2176,0.00691,0.00151
"68",0.0140128,0.748,1.38,0.0058,0.04058,-0.02574,0.00893,0.00451,9.11,1.37,0.5728,0.5504,0.00999,0.00471
"69",-0.0120207,0.716,3.004,0.02908,0.00434,-0.01218,0.00729,0.00261,8.35,2.45,0.8608,1.2656,0.00353,0.00673
"70",0.0178063,1.324,2.892,0.0146,0.0317,-0.02034,0.00903,0.00037,7.35,2.89,0.7952,0.7232,0.00481,0.00357
"71",-0.18596,1.3,3.348,0.03724,0.03674,-0.02082,0.00761,0.00067,0.19,0.39,1.24,1.1824,0.00575,0.00503
"72",-0.00964545,2.252,1.532,0.0142,0.0227,-0.0051,0.00901,0.00065,0.05,6.97,1.1024,0.5664,0.00993,0.00715
"73",0.0146543,0.532,3.092,0.01212,0.03134,0.01722,0.00103,0.00213,0.07,3.41,0.9168,0.5056,0.00225,0.00785
"74",0.028243,1.572,3.316,0.02556,0.0485,-0.01374,0.00627,0.00729,6.15,4.35,1.2928,1.0784,0.00891,0.00443
"75",0.00466366,3.796,2.348,0.01044,-7e-04,0.0105,0.00841,0.00777,6.63,9.75,0.5008,1.1056,0.00671,0.00111
"76",-0.0815556,0.292,2.196,0.00964,0.0461,-0.01734,0.00919,0.00795,3.95,0.35,1.0576,0.6176,0.00433,0.00347
"77",-0.023269,1.316,2.356,0.02332,0.0077,-0.01674,0.00127,0.00427,2.45,5.39,0.6272,1.296,0.00699,0.00209
"78",-0.0627138,1.356,0.756,0.01172,0.00458,-0.01938,0.00119,0.00629,3.71,1.27,0.8272,0.9584,0.00047,0.00609
"79",-0.0529613,1.708,2.876,0.0262,-0.0097,-0.0105,0.00487,0.00173,5.19,3.17,1.0976,0.9264,7e-05,0.00541
"80",0.00587863,2.804,0.38,0.0318,0.0083,0.0129,0.00639,0.00295,4.05,1.95,0.6432,1.0144,0.00487,0.00791
"81",-0.0797021,1.884,0.948,0.0314,0.0107,-0.0147,0.00307,0.00865,3.79,1.23,0.5888,1.1008,0.00549,0.00811
"82",0.0128448,0.868,0.644,0.00804,0.03794,0.00306,0.00765,0.00401,5.67,3.49,1.2448,1.1392,0.00921,0.00205
"83",0.00666778,3.276,2.436,0.0186,0.03854,-0.01686,0.00417,0.00215,9.89,1.63,1.0912,0.688,0.00701,0.00041
"84",-0.0128983,1.228,1.06,0.0102,0.01394,-0.0141,3e-05,0.00711,1.33,6.03,1.2,1.2816,0.00399,0.00191
"85",0.0206305,3.764,2.044,0.03812,0.04382,-0.02706,0.00465,0.00315,2.19,8.27,0.664,0.7024,0.00599,0.00583
"86",-0.0636346,3.26,0.468,0.01468,-0.00442,-0.01002,0.00569,0.00653,5.77,4.77,1.0736,0.8304,0.00319,0.00143
"87",0.032639,3.076,3.028,0.02196,0.03194,-0.00798,0.00727,0.00379,2.73,2.43,0.6528,1.264,0.00917,0.00571
"88",0.0371841,2.196,0.58,0.03244,0.04322,0.00438,0.00349,0.00721,3.15,4.05,0.936,1.24,0.00803,0.00177
"89",-0.0430589,0.356,0.06,0.01452,0.01214,0.0261,0.00667,0.00359,8.55,1.21,0.584,0.6032,0.00463,0.00983
"90",-0.123904,0.524,2.524,0.02244,0.0095,-0.02874,0.00215,0.00693,2.31,0.47,1.0176,1.2224,0.00185,0.00647
"91",0.0242931,2.908,0.964,0.02612,0.00866,0.02286,0.00263,0.00337,0.13,1.85,0.9904,1.0576,0.00239,0.00159
"92",-0.0143927,0.132,0.932,0.03652,0.00098,0.02202,0.00381,0.00265,3.33,7.71,0.6832,0.7648,0.00161,0.00289
"93",0.023421,3.804,3.124,0.0178,0.03686,0.02094,0.00939,0.00833,3.91,4.31,0.9424,0.6912,0.00759,0.00973
"94",0.0128701,2.868,1.212,0.03668,0.04106,-0.01878,0.00085,0.00717,8.91,8.15,0.6736,0.76,0.00883,0.00757
"95",0.0322208,2.58,2.644,0.02852,0.01226,-0.0069,0.00229,0.00091,9.19,5.91,1.0272,1.1296,0.00843,0.00119
"96",0.0225607,3.572,3.484,0.01204,0.01298,0.0237,0.00357,0.00787,8.09,1.91,0.6688,1.1328,0.00277,0.00265
"97",0.00336367,2.332,1.1,0.019,0.00086,0.00606,0.00621,0.00319,1.87,9.11,0.728,1.2992,0.00397,0.00043
"98",-0.0534737,3.396,0.492,0.01548,0.00386,-0.0171,0.00099,0.00807,1.37,5.79,0.6704,1.1856,0.00675,0.00343
"99",0.0108857,0.652,2.844,0.02636,0.0131,0.00474,0.00587,0.00821,7.03,5.41,0.6064,0.7728,0.00015,0.00717
"100",-0.0781547,1.98,1.66,0.0286,0.01982,-0.02562,0.00269,0.00801,4.07,1.53,1.0656,0.7888,0.00855,0.00929
"101",-0.0779105,2.028,0.748,0.017,-0.00166,-0.02622,0.00991,0.00613,2.63,0.45,0.5536,0.8528,0.00737,0.00639
"102",-0.382602,1.652,1.876,0.03316,0.02162,-0.02898,0.00571,0.00779,8.01,0.03,1.04,1.1568,0.00735,0.00979
"103",0.0314238,0.644,0.836,0.02588,0.00854,0.02118,0.00411,0.00871,6.59,7.11,1.1232,1.1584,0.00589,0.00933
"104",-0.0835421,3.476,0.036,0.023,0.01118,-0.00438,0.00533,0.00611,2.65,4.25,1.0896,0.5616,0.00717,0.00373
"105",0.0185171,3.892,2.724,0.01908,0.03602,0.02586,0.00155,0.00011,8.89,0.41,0.608,0.8128,0.00505,0.00025
"106",-0.426105,3.3,3.516,0.0098,0.03242,-0.00666,0.00451,0.00875,8.39,0.07,0.9152,1.2672,0.00661,0.00949
"107",-0.000643368,2.74,1.316,0.0034,0.00314,-0.00618,0.00181,0.00677,5.33,8.41,0.7376,0.736,0.00531,0.00565
"108",0.0104195,2.668,1.356,0.0054,-0.00058,0.02958,0.00499,0.00423,7.61,6.81,0.9008,1.2352,0.00373,0.00263
"109",0.0422237,1.1,2.604,0.02748,0.04166,-0.00702,0.00343,0.00635,4.87,2.97,1.2656,0.8736,0.00159,0.00019
"110",0.0360778,1.284,2.628,0.02964,0.02486,0.02574,0.00793,0.00045,5.37,5.15,0.7312,0.8144,0.00489,0.00889
"111",0.0108648,3.404,1.964,0.00604,0.02906,-0.01602,0.00775,0.00517,2.01,9.51,1.1536,0.8608,0.00163,0.00453
"112",-0.0527548,3.06,0.684,0.02292,0.01082,-0.0081,0.00279,0.00845,2.47,4.87,1.264,0.824,0.00989,0.00387
"113",0.0107564,0.508,0.572,0.00748,0.00326,0.02538,0.00313,0.00093,5.75,2.69,1.1072,0.888,0.00429,0.00703
"114",0.0328566,1.204,3.66,0.03172,0.02222,0.01494,0.00065,0.00041,6.55,5.37,0.8448,0.6768,0.00563,0.00799
"115",0.0106936,0.724,1.54,0.01572,0.0071,0.00954,0.00531,0.00747,8.19,1.01,0.7664,1.1904,0.00467,0.00293
"116",0.00752873,0.636,1.268,0.00292,0.04622,0.0117,0.00115,0.00243,1.09,3.93,0.6672,1.1152,0.00021,0.00129
"117",-0.0957315,3.46,2.676,0.03084,-0.00094,-0.02646,0.00835,0.00945,6.89,9.59,1.2752,1.2336,0.00063,0.00225
"118",-0.0784503,1.82,3.692,0.0394,-0.0067,-0.02598,0.00201,0.00219,6.69,5.87,0.5808,0.7216,0.00309,0.00725
"119",0.0206807,3.828,1.932,0.01252,0.03806,0.00282,0.00943,0.00961,2.37,6.47,0.6416,0.5904,0.00387,0.00649
"120",0.00478994,0.34,1.972,0.00868,0.04358,0.01878,0.00687,0.00751,3.21,3.79,0.7888,1.0224,0.00897,0.00363
"121",0.0277431,1.484,3.996,0.02036,0.03554,-0.00462,0.00567,0.00365,1.55,2.37,1.008,1.1984,0.00493,0.00403
"122",-0.00605078,1.7,2.156,0.02356,0.04934,0.01482,0.00557,0.00429,0.69,2.47,1.104,0.7792,0.00305,0.00849
"123",0.0416224,1.076,2.788,0.03508,0.0413,-0.01278,0.00191,0.00143,5.63,8.67,0.88,1.256,0.00911,0.00761
"124",-0.00974068,2.22,2.084,0.03532,-0.00118,-0.00042,0.00649,0.00073,6.03,3.55,1.016,1.1216,0.00449,0.00659
"125",0.0125858,3.852,0.444,0.02676,0.00674,-0.01578,0.00123,0.00101,7.27,9.89,0.9616,0.8096,0.00427,0.00945
"126",0.0194036,3.212,2.292,0.02236,0.03926,-0.02862,0.00601,0.00317,9.39,8.73,0.9232,0.5024,0.00491,0.00789
"127",-0.0506763,3.34,2.94,0.01764,0.01946,-0.02118,0.00249,0.00587,6.11,0.99,0.6576,1.0192,0.00213,0.00813
"128",-0.0121197,2.916,1.988,0.01668,-0.00754,0.02526,0.00323,0.00395,1.99,4.23,0.9984,1.2704,0.00561,0.00693
"129",-0.00678157,3.1,3.724,0.0166,0.0389,-0.02766,0.00975,0.00473,6.77,0.33,0.76,1.0176,0.00423,0.00331
"130",-0.0916745,0.892,2.036,0.0382,-0.00634,0.02886,0.00843,0.00899,5.69,3.83,1.1616,0.9456,0.00077,0.00671
"131",0.000404722,1.34,3.556,0.02604,0.00734,-0.00234,0.00937,0.00131,7.91,4.55,1.1712,1.0656,0.00335,0.00079
"132",0.0174305,2.108,1.132,0.00972,0.04598,-0.01482,0.00157,0.00857,9.93,3.09,0.6176,0.6048,0.00293,0.00769
"133",0.024612,0.884,0.924,0.01372,0.0377,0.01002,0.00549,0.00241,6.19,7.75,0.8864,0.7504,0.00435,0.00279
"134",-0.0148635,1.66,1.052,0.00844,0.00998,-0.0087,0.00091,0.00941,7.51,2.11,0.8784,1.2432,0.00529,0.00161
"135",0.0128333,1.396,1.98,0.01076,0.02534,-0.02742,0.00921,0.00169,9.15,5.65,0.5312,1.192,0.00757,0.00165
"136",-0.0818148,1.188,2.452,0.02428,0.00194,-0.02502,0.00739,0.00523,5.91,7.99,0.52,0.5088,0.00605,0.00067
"137",0.0150469,2.316,2.26,0.00956,0.03326,0.02238,0.00309,0.00577,3.57,5.09,1.1664,0.9536,0.00365,0.00719
"138",0.0101028,0.14,3.34,0.00092,0.0269,0.00786,0.00195,0.00457,5.93,8.35,1.0064,1.224,0.00545,0.00329
"139",0.039226,2.436,2.764,0.03516,0.04238,0.01146,0.00137,7e-05,2.49,3.87,1.0624,0.9136,0.00141,0.00777
"140",0.0291814,1.924,3.332,0.01964,0.0467,0.01182,0.00481,0.00445,4.13,9.67,1.2528,0.6,0.00841,0.00519
"141",0.0145062,3.748,1.26,0.00652,0.03842,-0.01458,0.00773,0.00785,1.91,4.95,1.216,1.1456,0.00105,0.00057
"142",-0.110953,0.332,1.188,0.03996,-0.00574,-0.02094,0.00979,0.00713,6.33,8.69,0.8256,0.848,0.00275,0.00537
"143",0.0134545,2.084,0.34,0.00884,0.0323,-0.02214,0.00441,0.00535,1.51,3.51,0.6288,0.9344,0.00263,0.00167
"144",-0.00442079,3.684,0.02,0.01132,0.02342,-0.0195,0.00075,0.00951,4.63,2.31,0.7056,1.1616,0.00707,0.00741
"145",-0.0390179,0.396,0.068,0.02148,0.04586,-0.00966,0.00579,0.00907,7.45,3.15,0.5248,0.9504,0.00497,0.00679
"146",0.0472264,3.82,2.748,0.03748,0.0455,0.00486,0.00327,0.00155,3.27,3.11,0.9888,0.5968,0.00273,0.00941
"147",0.035393,1.772,3.228,0.01388,0.04946,0.0147,0.00163,0.00631,6.39,6.77,1.0496,0.5936,0.00093,0.00901
"148",-0.0159651,3.724,2.972,0.00428,0.02438,-0.02322,0.00221,0.00891,5.57,3.35,0.5648,0.9856,0.00557,0.00273
"149",-0.101008,1.46,3.5,0.02484,-0.00826,-0.00738,0.00743,0.00505,3.83,3.29,0.9248,1.2128,0.00315,0.00911
"150",0.0260971,2.476,3.14,0.00244,0.04754,0.00318,0.00819,0.00689,4.75,3.53,1.2944,0.7568,0.00081,0.00891
"151",0.0225866,3.636,1.14,0.02948,0.03314,-0.00066,0.00011,0.00981,3.73,1.31,1.2992,0.672,0.00299,0.00277
"152",-0.0369683,0.388,0.628,0.03164,0.01586,-0.00654,0.00827,0.00591,0.75,9.81,0.7536,0.6208,0.00169,0.00251
"153",0.0354654,2.116,1.084,0.01612,0.04526,0.02922,0.00027,0.00831,8.41,4.39,0.9712,0.6224,0.00657,0.00491
"154",0.039164,3.86,1.716,0.03564,0.04466,0.01098,0.00463,0.00883,4.29,8.31,0.9968,0.5568,0.00407,0.00311
"155",-0.051598,1.74,3.404,0.03828,0.01574,-3e-04,0.00809,0.00773,0.01,1.39,0.6,0.6528,0.00947,0.00595
"156",-0.0295336,2.5,3.3,0.03956,0.00122,-6e-05,0.00345,0.00191,3.89,3.21,0.6368,0.9968,0.00107,0.00227
"157",0.0406658,2.148,3.884,0.03972,0.0311,0.00546,0.00683,0.00531,2.69,6.35,1.0592,0.6944,0.00025,0.00613
"158",0.0205968,3.548,2.028,0.01444,0.02918,-0.01986,0.00501,0.00249,1.47,3.25,0.744,1.0704,0.00479,0.00795
"159",-0.0382222,0.972,3.876,0.02804,-0.0055,0.0189,0.00439,0.00963,3.31,8.79,1.1456,0.8864,0.00127,0.00975
"160",0.0143504,0.852,2.636,0.01068,0.03878,-0.00714,0.00513,0.00681,8.37,1.87,0.576,0.6368,0.00971,0.00385
"161",0.0225439,1.548,3.524,0.01308,0.04442,0.02754,0.00817,0.00273,2.17,9.85,1.1328,1.048,0.00253,0.00727
"162",0.0087902,2.596,1.868,0.03836,-0.00502,0.01374,0.00219,0.00217,8.67,3.59,0.6544,0.6896,0.00839,0.00951
"163",0.0153303,1.06,2.828,0.00612,0.04514,-0.00174,0.00273,0.00303,6.29,8.45,1.1168,1.2512,0.00255,0.00841
"164",0.0131015,0.9,2.516,0.00708,0.0173,-0.02718,0.00151,0.00097,5.21,3.19,0.5024,0.6432,0.00973,0.00457
"165",-0.0146945,3.812,3.988,0.00572,-0.00322,0.0207,0.00241,0.00025,3.03,0.37,0.6816,0.9312,0.00643,0.00607
"166",0.00645181,0.204,3.452,0.00588,-0.00394,0.02106,0.00711,0.00975,2.93,5.33,0.5424,0.9184,0.00245,0.00145
"167",0.0274913,1.788,0.668,0.01868,0.01658,-0.02994,0.00801,3e-05,9.77,4.63,1.064,1.2368,0.00685,0.00345
"168",-0.0276428,0.284,2.66,0.0158,0.00446,-0.00366,0.00369,0.00793,3.85,1.11,1.0416,0.9088,0.00777,0.00303
"169",-0.0341588,0.18,0.324,0.00948,0.02402,0.01674,0.00759,0.00679,5.97,9.73,0.5632,0.6688,0.00165,0.00697
"170",0.0211484,3.564,2.428,0.01404,0.03746,-0.01386,0.00663,0.00477,1.25,5.97,1.2176,0.664,0.00473,0.00627
"171",0.00758004,2.516,0.228,0.03028,0.04454,0.0165,0.00497,0.00397,5.83,9.21,1.2848,0.5472,0.00223,0.00513
"172",-0.0336023,1.956,0.636,0.0398,0.00566,0.0267,0.00995,0.00605,9.73,1.17,0.872,1.0368,0.00621,1e-05
"173",0.0232154,0.964,3.492,0.03212,0.01178,0.00018,0.00719,0.00125,9.17,2.03,0.984,0.6064,0.00881,0.00361
"174",0.0114474,0.148,1.596,0.00596,0.03002,-0.0219,0.00741,0.00237,4.37,4.37,0.816,1.0432,0.00627,0.00685
"175",0.0374545,1.732,3.596,0.0274,0.04742,-0.00726,0.00129,0.00107,9.33,2.63,1.2544,0.904,0.00745,0.00771
"176",0.0387322,0.476,3.276,0.03804,0.03698,-0.00078,0.00057,0.00743,3.43,5.77,1.2704,0.7744,0.00195,0.00549
"177",0.0291717,2.644,2.54,0.02388,0.0275,0.02262,5e-05,0.00165,4.19,9.01,0.656,0.7696,0.00829,0.00269
"178",-0.0404352,3.412,0.532,0.01316,-0.00742,0.00222,0.00491,0.00929,7.79,2.09,1.1504,0.7616,0.00719,0.00107
"179",0.0395732,2.948,1.708,0.01476,0.02414,0.01938,0.00385,0.00059,5.35,8.75,0.6992,0.9104,0.00237,0.00655
"180",-0.159891,2.676,3.396,0.013,0.00158,-0.00222,0.00693,0.00573,6.97,0.63,0.9104,0.6512,0.00859,0.00071
"181",-0.101258,0.012,3.708,0.01268,0.0197,0.01362,0.00853,0.00885,9.29,5.51,0.952,0.8816,0.00101,0.00255
"182",-0.0023018,3.756,0.108,0.03308,0.03458,0.0015,0.00089,0.00159,9.35,4.75,0.9552,1.0048,3e-05,0.00597
"183",0.0258906,0.708,2.556,0.02268,0.02822,0.02598,0.00847,0.00937,3.53,8.23,0.9776,1.2928,0.00049,0.00335
"184",0.025131,0.572,3.076,0.00772,0.03038,0.00918,0.00641,0.00799,5.51,5.71,0.504,0.6864,0.00341,0.00147
"185",0.0206959,3.94,2.924,0.02956,0.01562,0.00666,0.00983,0.00903,2.97,7.33,0.592,1.1952,0.00123,0.00863
"186",0.0395647,2.292,1.908,0.03044,0.01754,0.0171,0.00401,0.00121,4.73,9.45,1.048,1.1536,0.00227,0.00903
"187",0.0416584,3.364,0.716,0.03572,0.0281,0.02454,0.00029,0.00123,0.29,7.43,0.7472,1.208,0.00511,0.00075
"188",-0.0985583,1.58,2.212,0.0194,-0.00946,-0.0135,0.00895,0.00313,4.57,7.23,0.7632,0.5744,0.00149,0.00635
"189",-0.0728704,1.684,0.3,0.00364,0.0329,-0.01314,1e-05,0.00719,2.89,0.81,0.5568,1.0016,0.00645,0.00711
"190",0.0039411,0.62,3.788,0.01028,-1e-04,0.00618,0.00281,0.00759,4.23,7.57,0.808,1.2288,0.00983,0.00893
"191",0.0427972,0.876,3.94,0.01676,0.04706,0.01986,0.00037,0.00087,3.41,9.77,1.168,0.808,0.00821,0.00365
"192",-0.0255049,2.572,0.812,0.01484,0.02126,-0.01866,0.00623,0.00253,1.83,2.07,0.568,0.8496,0.00271,0.00821
"193",0.0466113,3.516,2.188,0.03412,0.02462,0.0159,0.00477,0.00741,1.93,5.13,0.6384,0.7264,0.00807,0.00897
"194",0.0107382,1.636,1.252,0.0086,0.0431,-0.00906,0.00145,0.00519,9.49,9.25,0.7824,0.7472,0.00375,0.00097
"195",0.0283183,3.884,3.444,0.02708,0.04478,0.00138,0.00745,0.00919,8.65,8.89,1.2112,0.6304,0.00551,0.00625
"196",0.009505,0.164,2.364,0.00916,0.03374,-0.00774,0.00493,0.00279,2.59,1.45,1.1792,0.5296,0.00527,0.00153
"197",-0.00688259,3.14,2.388,0.02812,0.02858,-0.02826,0.00193,0.00339,0.87,3.95,0.68,0.9056,0.00613,0.00283
"198",0.0236459,0.452,1.7,0.03556,0.00842,0.01794,0.00831,0.00351,0.23,8.71,0.8048,1.2784,0.00749,0.00425
"199",0.00420073,2.78,1.732,0.0302,0.03962,-0.01926,0.00661,0.00581,3.59,7.41,0.7104,0.6112,0.00301,0.00323
"200",-0.0448732,3.012,2.204,0.01052,-0.00274,-0.01746,0.00257,0.00449,2.27,6.01,0.7968,0.632,0.00119,0.00555
"201",0.010876,3.388,3.412,0.02572,0.0341,-0.01818,0.00185,0.00863,0.51,2.17,0.912,0.8688,0.00173,0.00875
"202",-0.0048337,2.972,3.804,0.0094,0.04958,-0.02538,0.00517,0.00117,0.35,9.23,1.1088,1.248,0.00895,0.00923
"203",-0.0145304,3.468,0.132,0.00692,0.04046,-0.02046,0.00383,0.00855,0.95,6.75,1.1856,1.2,0.00581,0.00405
"204",0.0394007,0.324,3.1,0.02444,0.04634,0.02502,0.00595,0.00089,9.23,6.93,0.7344,1.072,0.00189,0.00397
"205",0.0181554,3.556,3.268,0.0118,0.0365,-0.02754,0.00781,0.00509,3.61,8.19,0.96,1.2496,0.00655,0.00577
"206",0.0201568,2.884,0.54,0.00788,0.03494,0.0111,0.00275,0.00967,7.37,9.17,0.7024,0.5184,0.00369,0.00483
"207",-0.0240447,2.284,0.22,0.03524,0.02894,-0.01146,0.00573,0.00947,5.07,8.17,0.8352,0.7872,0.00813,0.00747
"208",-0.00638802,0.628,2.996,0.01516,0.02666,-0.02886,0.00339,0.00311,9.53,6.41,1.1776,0.8192,0.00543,0.00127
"209",0.0296194,1.22,2.508,0.0254,0.01814,0.0225,0.00597,0.00335,1.39,2.71,0.7408,0.504,0.00559,0.00587
"210",0.0150831,3.932,1.844,0.01236,0.03206,-0.00606,0.00161,0.00589,7.11,0.73,0.9696,1.2016,0.00939,0.00121
"211",-0.0331943,3.604,3.916,0.01244,0.00026,-0.01626,0.00109,0.00547,1.05,2.39,1.2496,1.1408,0.00125,0.00591
"212",-0.0931264,1.508,1.292,0.0282,0.01358,-0.02526,0.00405,0.00901,4.03,8.05,0.9216,0.728,0.00359,0.00783
"213",-0.0914543,1.012,0.012,0.01604,0.04034,-0.01074,7e-05,0.00343,0.03,4.03,0.5792,0.5824,0.00377,0.00767
"214",0.0297216,0.492,0.516,0.0154,0.01646,0.02874,0.00941,0.00057,7.15,2.99,1.2256,0.8928,0.00649,0.00709
"215",-0.0727137,3.98,0.028,0.0038,0.00638,0.0213,0.00655,0.00199,5.73,4.53,0.6912,0.8416,0.00113,0.00573
"216",0.00650245,1.372,3.18,0.00028,0.0407,-9e-04,0.00861,0.00905,4.67,1.81,0.6928,0.6464,0.00259,0.00073
"217",-0.055701,0.996,2.484,0.0322,0.01766,-0.00522,0.00261,0.00599,6.25,2.25,0.712,1.1488,0.00349,0.00475
"218",-0.0646542,1.164,0.396,0.02316,0.00902,-0.01398,0.00581,0.00657,7.85,9.31,0.8,1.2112,0.00355,0.00061
"219",0.0177364,0.412,0.612,0.00188,0.04694,0.02334,0.00735,0.00555,3.37,0.91,0.616,0.7936,0.00629,0.00699
"220",0.0234309,3.972,2.06,0.02044,0.02306,0.02478,0.00407,0.00999,5.59,8.47,1.2208,1.0448,0.00187,0.00731
"221",0.0489357,2.092,1.276,0.0346,0.04154,0.0249,0.00867,0.00725,3.23,3.63,0.6944,1.2576,0.00269,0.00309
"222",0.00547773,3.78,0.452,0.01348,0.0023,0.01242,0.00925,0.00487,9.43,7.95,0.6256,1.1072,0.00705,0.00515
"223",-0.00833029,2.7,3.812,0.0018,0.00974,-0.01842,0.00437,0.00135,0.57,6.87,1.0448,0.8064,0.00459,0.00567
"224",0.0364342,0.948,1.116,0.0298,0.04502,-0.00486,0.00907,0.00421,6.73,4.69,1.1744,0.6352,0.00903,0.00637
"225",-0.00479995,1.892,1.324,0.0106,-0.00994,0.0093,0.00139,0.00819,7.99,3.39,1.1648,1.288,0.00725,0.00319
"226",-0.047533,2.812,2.332,0.01892,0.00818,-0.0267,0.00055,0.00485,5.43,5.57,0.7568,1.0464,0.00665,0.00857
"227",-0.0696387,2.964,1.164,0.00444,-0.00418,-0.0189,0.00553,0.00585,9.09,3.67,0.6096,0.704,0.00283,0.00353
"228",-0.0111328,1.116,0.788,0.02996,0.0011,-0.00114,0.00625,0.00385,7.87,8.55,0.6896,1.0992,0.00667,0.00467
"229",0.0145918,2.068,0.276,0.0218,0.0041,0.00726,0.00051,0.00069,8.17,1.09,1.2976,1.2416,0.00469,0.00083
"230",0.0300334,3.956,0.604,0.005,0.0305,0.02358,0.00955,0.00077,1.03,1.51,0.5216,1.136,0.00017,0.00407
"231",0.00676678,3.268,1.412,0.01924,0.01826,-0.01098,0.00875,0.00437,4.45,3.85,1.1248,0.6448,0.00751,0.00853
"232",-0.00445435,2.348,0.076,0.01596,0.01922,0.0135,0.00789,0.00881,8.33,1.79,1.0192,1.1344,0.00201,0.00299
"233",0.0198364,0.58,2.476,0.0126,0.0383,0.00054,0.00173,0.00105,9.75,1.35,0.9376,0.7328,0.00035,0.00819
"234",-0.0186725,2.356,0.124,0.00276,0.01022,0.01566,0.00905,0.00867,4.11,5.29,0.8032,0.7984,0.00935,0.00157
"235",0.0284673,1.556,1.204,0.03684,0.01742,0.01782,0.00467,0.00735,8.73,5.19,0.9296,0.7488,0.00447,0.00561
"236",0.0312754,1.876,1.58,0.03692,0.00686,0.02682,0.00651,0.00389,0.47,9.37,1.1008,1.0288,0.00037,0.00123
"237",-0.00606357,2.02,3.9,0.0358,-0.00262,0.02034,0.00409,0.00471,1.71,4.71,0.544,0.568,0.00887,0.00275
"238",-0.0602752,0.1,1.948,0.0074,0.04346,-0.00402,0.00367,0.00565,0.83,0.23,0.928,0.5728,0.00587,0.00473
"239",0.0136266,1.5,1.436,0.00764,0.03614,-0.0273,0.00319,0.00663,4.41,3.99,0.7776,1.2768,0.00357,0.00367
"240",-0.0109104,0.484,0.564,0.00516,2e-05,0.02394,0.00929,0.00825,0.53,1.47,0.992,1.0688,0.00733,0.00189
"241",-0.0390214,0.02,0.724,0.03188,0.02738,0.01218,0.00551,0.00685,1.75,0.53,0.6208,1.216,0.00065,0.00521
"242",-0.00853267,2.844,2.716,0.00268,0.02606,-0.02802,0.00303,0.00433,1.73,7.01,0.7168,0.616,0.00089,0.00921
"243",-0.0278857,1.532,1.196,0.03404,-0.0091,0.0081,0.00427,0.00367,1.21,7.81,0.752,1.1312,0.00893,0.00617
"244",0.0676995,2.876,0.796,0.03876,0.04226,-0.02982,0.00721,0.00015,4.49,2.01,0.7712,0.7408,0.00053,0.00867
"245",0.0288797,1.004,1.068,0.0082,0.03542,-0.00414,0.00961,0.00269,8.15,5.01,1.184,1.0832,0.00199,0.00485
"246",0.0270149,2.06,0.284,0.03484,0.01898,-0.02394,0.00753,0.00019,9.41,3.33,0.9808,1.2832,0.00071,0.00967
"247",0.0520179,2.716,3.732,0.03452,0.0209,0.0201,0.00865,0.00327,7.95,4.19,1.1728,0.992,0.00057,0.00215
"248",0.0123211,1.644,1.652,0.00668,0.04274,-0.02418,0.00969,0.00597,4.01,7.59,1.0096,0.9904,0.00673,0.00879
"249",-0.0249598,0.54,0.46,0.01396,0.01886,-0.02682,0.00607,0.00503,6.21,7.89,0.7792,1.0336,0.00727,0.00381
"250",0.0440848,3.876,3.828,0.02932,0.0299,0.00126,0.00913,0.00331,5.11,4.91,1.1632,0.9712,0.00339,0.00139
"251",-0.0481867,0.308,1.996,0.02004,0.00422,0.00882,0.00391,0.00955,4.79,2.65,0.72,0.5536,0.00741,0.00775
"252",-0.03581,0.66,1.628,0.02084,-0.00586,0.00702,0.00063,0.00849,7.07,4.13,0.9792,0.912,0.00499,0.00739
"253",-0.0970362,1.332,3.764,0.03988,0.00494,-0.0255,0.00659,0.00549,3.69,7.55,0.5168,0.8752,0.00219,0.00993
"254",0.0401949,3.236,1.74,0.02404,0.01838,0.01266,0.00017,0.00483,9.13,5.61,0.9344,0.6592,0.00295,0.00469
"255",0.0116757,0.7,1.108,0.02548,0.01106,0.00258,0.00963,0.00407,8.07,6.23,1.08,0.7536,9e-05,0.00355
"256",0.0472278,2.94,3.852,0.03388,0.0371,0.01974,0.00917,0.00583,7.01,9.63,1.0304,0.7856,0.00863,0.00267
"257",0.0250317,0.46,3.244,0.02164,0.01334,0.01158,0.00315,0.00157,7.83,2.83,0.8384,1.184,0.00539,0.00737
"258",0.0281022,2.42,3.548,0.01356,0.04118,-0.0201,0.00653,0.00259,3.25,2.75,1.2608,0.752,0.00323,0.00885
"259",0.0244379,0.108,2.796,0.0334,0.01274,0.01842,0.00237,0.00607,7.17,2.27,0.5376,0.7248,0.00969,0.00599
"260",-0.089668,1.916,2.956,0.0374,0.00134,-0.0225,0.00159,0.00649,2.99,5.21,1.0784,0.656,0.00291,0.00421
"261",0.0158021,3.628,2.852,0.01996,0.00362,0.01998,0.00475,0.00749,1.77,6.49,0.824,1.064,0.00411,0.00325
"262",-0.0616312,3.036,0.484,0.00452,0.00758,-0.01854,0.00507,0.00977,5.89,9.79,1.2912,1.0304,0.00941,0.00713
"263",-0.000608876,3.772,3.38,0.00172,0.01538,-0.01998,0.00823,0.00661,6.27,6.25,1.1296,0.9248,0.00385,0.00925
"264",-0.0768899,3.372,0.236,0.03124,-0.00298,0.01278,0.00787,0.00375,5.09,1.03,0.848,0.952,0.00023,0.00829
"265",0.00579631,1.428,1.364,0.02692,-0.0037,0.02298,0.00429,0.00733,9.01,8.61,1.1936,1.0592,0.00197,0.00517
"266",-0.0716456,3.172,2.492,0.0162,-0.00082,-0.01122,0.00045,0.00869,3.39,2.41,1.2048,0.8256,0.00937,0.00241
"267",-0.023271,1.212,0.164,0.0242,0.00698,-0.01506,0.00717,0.00171,6.67,2.29,1.2064,1.0544,0.00965,0.00045
"268",0.0176231,1.38,1.348,0.02116,0.02798,-0.00258,0.00125,0.00127,5.13,2.23,0.5056,0.5168,0.00755,0.00455
"269",-0.0247267,1.668,0.116,0.00684,0.03182,0.01626,0.00611,0.00345,5.49,3.69,0.8064,0.8016,0.00033,0.00237
"270",0.0124255,3.348,1.668,0.00236,0.00518,0.02514,0.00755,0.00979,7.63,3.13,0.6048,0.8208,0.00679,0.00183
"271",-0.00983847,2.244,0.74,0.03644,0.00302,0.01506,0.00243,0.00917,0.79,8.21,0.7488,0.5552,0.00083,0.00657
"272",-0.0779804,0.236,1.788,0.01196,0.0059,-0.02262,0.00771,0.00909,0.61,5.81,0.6512,0.8336,0.00061,0.00245
"273",0.0251535,3.084,2.468,0.0214,0.0437,0.01422,0.00613,0.00031,2.57,8.09,0.92,0.7072,0.00623,0.00435
"274",0.0176027,0.94,2.908,0.01124,0.02582,0.00798,0.00797,0.00197,8.71,8.01,0.7648,0.9696,0.00137,0.00103
"275",0.0109049,0.364,1.172,0.00724,0.04682,0.0087,0.00603,0.00229,3.45,2.95,0.5472,0.5312,0.00593,0.00059
"276",0.00186979,0.404,3.188,0.00084,0.03446,-0.00558,0.00747,0.00029,7.19,5.27,1.2896,0.9616,0.00729,0.00523
"277",0.0432272,1.364,1.428,0.03436,0.02966,0.02274,0.00147,0.00309,6.75,2.59,0.6976,1.032,0.00695,0.00069
"278",-0.0503353,2.188,2.612,0.01004,0.00602,0.00066,0.00583,0.00405,5.23,0.71,0.8736,0.9552,0.00639,0.00851
"279",-0.00819657,2.932,2.668,0.02892,-0.00454,-0.01242,0.00093,0.00943,9.67,1.19,0.7552,0.5952,0.00183,0.00963
"280",-0.0299961,1.588,0.204,0.03148,0.0443,-0.01062,9e-05,0.00995,4.53,0.77,1.2368,0.7152,0.00471,0.00569
"281",0.00820744,2.14,0.196,0.02684,0.02618,-0.00954,0.00287,0.00183,5.27,9.69,0.5584,0.6272,0.00465,0.00557
"282",0.00482905,1.796,0.308,0.00932,0.03986,-0.02022,0.00617,0.00647,2.55,4.81,0.8992,0.64,0.00779,0.00681
"283",-0.0815256,3.148,0.524,0.02436,-0.00142,-0.02658,0.00851,0.00277,8.29,9.33,0.9936,1.1504,0.00537,0.00969
"284",0.0350354,1.124,3.932,0.03052,0.03218,0.00534,0.00863,0.00835,8.05,4.85,1.0768,0.9216,0.00981,0.00861
"285",0.0446075,2.364,1.236,0.0234,0.04658,-0.00306,0.00795,0.00593,4.55,1.77,0.648,1.0608,0.00155,0.00803
"286",0.0318087,2.052,2.004,6e-04,0.00266,0.02226,0.00433,0.00145,4.85,0.67,0.7424,1.0976,0.00783,0.00535
"287",-0.0114211,1.94,2.86,0.02868,0.00278,0.00738,0.00777,0.00529,0.89,1.49,1.176,0.5792,0.00381,0.00995
"288",0.0306443,0.276,2.268,0.02396,0.03434,-0.00018,0.00971,0.00275,5.41,6.17,0.7808,0.7776,0.00321,0.00221
"289",0.0435077,3.108,1.764,0.03964,0.04862,-0.00594,0.00825,0.00571,2.41,9.47,1.0816,1.2272,0.00203,0.00401
"290",-0.0928115,1.9,3.084,0.03364,0.0119,0.0063,0.00511,0.00783,4.09,1.25,1.2784,0.6336,0.00517,0.00261
"291",0.024046,2.532,3.956,0.01884,0.04082,0.00234,0.00283,0.00913,7.67,6.31,0.5072,1.1552,5e-05,0.00375
"292",-0.0124277,0.756,3.972,0.0046,-0.00646,0.01026,0.00461,0.00651,0.65,5.07,0.7072,1.0672,0.00833,0.00253
"293",0.0256868,2.076,2.548,0.01932,0.01346,-0.00354,0.00469,0.00321,5.85,6.57,1.0608,0.8672,0.00191,0.00629
"294",0.0318548,3.22,1.42,0.0378,0.01502,0.01554,0.00723,0.00189,6.17,2.49,1.2464,1.2528,0.00823,0.00027
"295",-0.0907507,0.5,2.652,0.03276,-0.00514,0.00942,0.00915,0.00545,5.01,7.03,0.5616,0.544,0.00177,0.00369
"296",-0.109823,3.7,2.9,0.03932,0.00578,-0.02274,0.00973,0.00873,8.81,6.89,1,0.768,0.00831,0.00259
"297",0.0075658,2.156,3.74,0.00372,0.02366,0.00714,0.00731,0.00211,4.83,7.19,0.6336,1.088,0.00039,0.00937
"298",0.00340495,0.092,1.548,0.02876,0.02258,0.01854,0.00271,0.00619,7.47,1.59,1.1952,1.0128,0.00919,0.00171
"299",0.00414267,2.732,3.372,0.00036,0.04538,-0.0231,0.00077,0.00521,8.53,2.15,0.84,0.5072,0.00391,0.00805
"300",0.00404069,2.228,0.804,0.03476,0.03758,-0.01446,0.00225,0.00687,5.99,2.91,1.0512,0.5776,0.00151,0.00035
"301",0.00521146,3.004,3.236,0.00108,0.03362,0.00198,0.00389,0.00113,1.43,3.91,0.8368,0.584,0.00519,0.00749
"302",-0.0315933,1.108,1.796,0.01732,-0.00358,0.0255,0.00291,0.00377,7.29,0.93,0.6848,0.872,0.00509,0.00605
"303",-0.00147223,2.9,3.644,0.0026,0.02186,-0.0297,0.00149,0.00469,0.85,7.25,1.2016,1.2448,0.00567,0.00831
"304",0.0228725,2.036,2.22,0.01324,0.04418,0.01314,0.00633,0.00095,5.71,7.29,0.7728,0.6576,0.00313,0.00307
"305",0.0214017,0.428,1.492,0.02596,-0.00022,0.02406,0.00785,0.00363,1.07,4.49,1.224,1.272,0.00601,0.00619
"306",-0.0131726,3.788,1.044,0.0222,0.00794,-0.00138,0.00387,0.00837,1.15,2.81,0.6112,1.2544,0.00367,9e-05
"307",0.00927438,3.836,1.636,0.00148,0.00374,0.00894,0.00457,0.00655,9.97,1.33,1.1424,0.7392,0.00327,0.00707
"308",0.017275,2.956,2.34,0.00892,0.00506,0.00978,0.00505,0.00205,1.45,6.73,0.6768,0.8768,0.00603,0.00085
"309",-0.0264071,1.468,1.468,0.01852,0.00878,-0.0093,0.00097,0.00973,6.41,7.07,0.8016,1.1232,0.00869,0.00809
"310",0.00662615,0.124,3.356,0.02228,0.02114,0.02058,0.00791,0.00537,9.95,6.91,0.8224,0.8272,0.00763,0.00173
"311",0.00805678,0.444,2.396,0.00436,0.01058,0.00858,0.00965,0.00287,0.67,7.37,1.096,0.7904,0.00439,0.00931
"312",0.0282907,0.74,2.228,0.02652,0.04718,-0.0129,0.00909,0.00817,4.81,3.81,0.5712,1.2608,0.00865,0.00427
"313",0.0215029,1.412,1.756,0.02284,0.02006,-0.00846,0.00285,0.00223,8.13,5.43,0.8912,0.512,0.00279,0.00781
"314",-0.0108567,3.676,2.532,0.00556,0.03062,-0.02178,0.00375,0.00723,1.85,8.07,0.9632,1.0272,0.00401,0.00559
"315",-0.0289571,0.196,0.62,0.03092,0.0125,-0.0027,0.00365,0.00643,5.79,4.57,0.6592,1.128,0.00417,0.00823
"316",0.00352228,0.668,3.156,0.0022,-0.00526,-0.0063,0.00425,0.00129,1.35,8.37,0.536,0.8176,0.00257,0.00543
"317",0.0212422,1.524,1.604,0.01156,0.0491,-0.00642,0.00111,0.00877,6.51,9.97,1.0752,0.9008,0.00175,0.00563
"318",0.026461,2.556,1.812,0.02532,0.03866,-0.01362,0.00379,0.00623,0.93,2.85,1.1552,1.1664,0.00949,0.00297
"319",0.0245765,3.524,0.556,0.03756,0.02594,0.01194,0.00525,0.00541,3.99,5.89,0.632,1.2144,0.00793,0.00687
"320",-0.107895,2.012,0.412,0.03868,0.00626,-0.01266,0.00141,0.00933,6.07,4.97,0.5936,0.5232,0.00697,0.00705
"321",0.0193979,2.612,3.676,0.00924,0.02498,-0.01962,0.00503,0.00053,7.43,4.01,0.7216,1.1968,0.00711,0.00665
"322",0.0324801,1.724,3.428,0.02756,0.02726,0.02214,0.00899,0.00455,9.45,3.03,1.1184,1.2304,0.00811,0.00131
"323",-0.0211224,1.196,1.476,0.0306,0.00614,-0.01782,0.00239,0.00297,1.95,2.57,0.6656,0.5584,0.00393,0.00825
"324",0.0136397,2.204,1.516,0.01956,0.01478,-0.0117,0.00923,0.00305,4.39,8.87,1.248,0.6832,0.00571,0.00011
"325",0.0284959,0.788,0.348,0.02308,0.02042,0.01926,0.00473,0.00235,2.35,6.71,1.2576,0.856,0.00753,0.00117
"326",0.0240705,1.444,1.86,0.02476,0.04334,0.01398,0.00255,0.00513,0.59,2.55,0.7584,0.536,0.00311,0.00093
"327",0.00520565,3.324,1.508,4e-05,0.00242,0.00246,0.00107,0.00767,8.47,3.07,0.5488,0.9168,0.00413,0.00695
"328",0.00923952,0.06,2.116,0.03596,0.04142,0.00558,0.00297,0.00291,9.59,7.53,1.1824,1.1872,0.00905,0.00429
"329",0.0269512,1.988,1.612,0.02172,0.02642,-0.00534,0.00485,0.00043,8.61,9.57,1.0256,0.8512,0.00445,0.00547
"330",-0.0579289,2.772,2.804,0.0182,0.0017,-0.01794,0.00299,0.00953,6.91,0.49,0.5776,1.04,0.00211,0.00231
"331",-0.186534,0.268,0.092,0.0134,0.01034,-0.0033,0.00293,0.00615,5.55,0.11,0.5136,1.1632,0.00147,0.00733
"332",0.0229821,3.42,0.596,0.01788,0.0167,-0.00246,0.00957,0.00267,2.71,4.21,0.776,0.9568,0.00879,0.00501
"333",0.00584144,3.652,2.372,0.01428,-0.00706,-0.0207,0.00575,0.00021,2.33,3.65,0.5824,0.9472,0.00739,0.00907
"334",-0.0709553,3.116,2.092,0.02324,-0.00814,-0.01518,0.00527,0.00381,6.81,5.69,0.696,0.8832,0.00541,0.00611
"335",-0.0175537,3.204,0.892,0.00212,0.01874,-0.02202,0.00223,0.00827,2.15,1.93,1.2688,0.5648,0.00659,0.00077
"336",0.0272326,3.156,2.076,0.01796,0.03338,0.01818,0.00645,0.00939,3.55,4.61,0.6864,1.1024,0.00617,0.00213
"337",0.0211298,2.82,1.828,0.01108,0.03902,-0.00762,0.00415,0.00745,4.27,3.47,0.5872,0.648,0.00835,0.00417
"338",0.0310976,1.052,0.548,0.0246,0.02786,0.00426,0.00277,0.00119,4.61,9.27,0.8848,0.84,0.00977,0.00115
"339",0.0361562,3.492,3.54,0.02108,0.0191,0.02322,0.00095,0.00431,5.39,6.67,0.9952,1.0496,0.00115,0.00489
"340",-0.00791392,1.604,0.78,0.00484,0.01238,0.02382,0.00235,0.00691,0.25,1.75,0.9456,1.0032,0.00847,0.00359
"341",0.0169964,3.452,3.844,0.00836,0.03254,0.0183,0.00153,0.00049,6.65,7.45,0.704,0.5808,0.00247,0.00281
"342",-0.00366706,0.068,1.028,0.02276,0.01286,0.01038,0.00519,0.00393,8.69,6.33,0.6464,1.0816,0.00953,0.00185
"343",-0.103976,0.436,2.404,0.01972,-0.00382,-0.02286,0.00675,0.00851,2.21,1.73,0.9408,0.5424,0.00055,0.00137
"344",0.0345107,1.972,3.612,0.0266,0.03662,6e-05,0.00891,0.00811,7.59,7.51,0.9872,1.232,0.00625,0.00377
"345",-0.0176006,1.948,0.18,0.03588,0.03074,-0.0153,0.00715,0.00705,5.47,5.17,1.0864,1.0064,0.00633,0.00961
"346",-0.00165048,3.58,0.188,0.02156,0.0401,-0.02778,0.00945,0.00495,8.21,2.19,0.8672,0.712,0.00099,0.00721
"347",0.0281079,3.228,2.38,0.03036,0.01934,0.02946,0.00673,0.00409,3.47,9.05,1.1136,0.5712,0.00997,0.00291
"348",0.0062781,2.452,1.556,0.00132,0.02354,0.01518,0.00529,0.00147,3.29,5.73,0.5968,0.8448,0.00395,0.00601
"349",0.0169674,2.748,2.108,0.02564,0.04898,0.0045,0.00709,0.00991,0.91,7.63,1.2624,0.6736,0.00987,0.00047
"350",-0.0826225,2.996,1.724,0.03004,0.0179,-0.02442,0.00217,0.00539,4.33,9.07,0.624,1.0928,0.00231,0.00917
"351",0.0103706,3.596,3.148,0.00068,0.0233,0.01578,0.00545,0.00895,8.49,4.51,0.6608,0.6416,0.00611,0.00411
"352",-0.0302157,1.476,3.636,0.02204,0.03626,-0.02946,0.00403,0.00727,0.81,6.39,1.1888,0.9728,0.00443,0.00525
"353",-0.0243486,0.98,0.66,0.01844,0.0065,-0.0015,0.00021,0.00925,2.85,7.97,1.152,0.8912,0.00229,0.00125
"354",-0.0846022,1.172,3.748,0.03284,0.0047,-0.02634,0.00927,0.00461,3.19,7.47,0.5504,1.0768,0.00687,0.00257
"355",0.0414895,2.788,2.276,0.03252,0.03146,0.0273,0.00821,0.00673,3.13,4.29,1.28,0.832,0.00121,0.00755
"356",-0.0624229,3.436,0.1,0.0338,0.01094,0.00762,0.00049,0.00579,2.81,5.47,1.0688,0.9376,0.00109,0.00133
"357",-0.086744,3.948,3.868,0.03604,-0.00862,0.01662,0.00949,0.00051,9.55,2.73,1.088,0.7456,0.00011,0.00865
"358",0.010109,0.596,0.428,0.0066,0.02246,0.0219,0.00175,0.00391,2.53,8.11,0.7856,1.28,0.00915,0.00965
"359",0.0170518,1.852,2.46,0.01284,0.04178,-0.0279,0.00087,0.00797,3.11,4.67,1.0432,1.1264,0.00565,0.00195
"360",-0.0427724,1.676,0.884,0.02668,5e-04,0.0057,0.00911,0.00543,9.81,7.73,0.7248,1.1888,0.00371,0.00985
"361",-0.0120357,3.612,0.14,0.0326,0.01706,0.01746,0.00539,0.00201,2.87,1.69,1.0016,0.6256,0.00243,0.00333
"362",0.00813771,2.652,1.18,0.00876,0.02678,-0.02466,0.00833,0.00369,7.49,8.13,0.7008,0.7296,0.00485,0.00219
"363",-0.0254391,0.812,1.884,0.03196,-0.00658,0.01914,0.00703,0.00207,7.69,5.55,1.1104,0.9328,0.00957,0.00633
"364",-0.024823,1.348,2.124,0.02508,-0.0031,0.01602,0.00535,0.00671,8.25,6.43,0.6496,0.9488,0.00075,0.00913
"365",0.0194588,1.452,3.756,0.00988,0.00962,0.01902,0.00267,0.00609,0.45,9.43,1.0992,1.0944,0.00297,0.00285
"366",0.0337052,3.732,1.34,0.0278,0.02714,0.01014,0.00335,0.00175,2.09,3.73,0.8688,0.8896,0.00325,0.00987
"367",-0.100592,2.468,1.076,0.02924,0.03278,-0.02346,0.00247,0.00927,5.15,1.41,0.7616,0.9952,0.00781,0.00765
"368",-0.0164681,0.908,0.7,0.01364,0.02378,-0.00918,0.00113,0.00987,4.97,1.07,0.784,0.8112,0.00927,0.00909
"369",-0.118376,0.028,3.324,0.03332,-0.0073,-0.02454,0.00585,0.00307,1.27,9.35,0.8496,0.6624,0.00501,0.00113
"370",0.0367316,2.132,3.836,0.03348,0.03914,0.00498,0.00251,0.00039,4.69,9.65,0.9504,0.5392,0.00791,0.00877
"371",0.0134556,2.46,0.852,0.00828,0.04562,0.00342,0.00265,0.00645,2.75,2.61,0.8576,0.8384,0.00521,0.00175
"372",-0.0538359,2.3,2.884,0.02916,-0.00766,0.02766,0.00757,0.00247,1.57,4.45,0.9728,0.8944,0.00913,0.00249
"373",0.040855,2.54,1.22,0.02772,0.01526,9e-04,0.00233,0.00017,8.99,6.19,0.8928,0.7632,0.00347,0.00817
"374",0.0346402,2.388,1.036,0.03764,0.01466,0.02142,0.00883,0.00033,1.81,9.61,1.1904,0.7952,0.00533,0.00413
"375",0.0149529,3.164,2.772,0.0122,0.0221,0.01074,0.00689,0.00755,2.07,0.69,0.7744,1.2464,0.00619,0.00351
"376",-0.0012223,0.212,1.82,0.01292,0.03482,-0.02106,0.00301,0.00283,4.43,1.61,1.1264,0.9808,0.00457,0.00447
"377",0.000455676,3.868,1.892,0.0078,0.0089,-0.02838,0.00443,0.00163,6.57,7.77,0.8768,0.7664,0.00975,0.00295
"378",0.0183924,3.444,2.5,0.001,0.02978,-0.01758,0.00691,0.00149,3.97,5.11,1.296,1.1184,0.00477,0.00579
"379",-0.110504,0.844,2.916,0.03012,-0.00106,-0.02334,0.00537,0.00669,7.97,3.27,1.1152,0.7056,0.00069,0.00675
"380",0.0194897,3.66,2.252,0.01532,0.01514,-0.0045,0.00609,0.00301,6.47,2.35,0.5744,0.7312,0.00715,0.00603
"381",-0.109732,2.756,3.508,0.03628,-0.00238,-0.0123,0.00105,0.00765,1.41,5.75,0.56,0.5264,0.00317,0.00193
"382",-0.0879592,1.812,0.252,0.03716,0.0035,-0.02142,0.00079,0.00709,6.13,2.77,1.2288,0.9664,0.00153,0.00843
"383",-0.0311433,2.724,0.82,0.0366,0.03098,0.0051,0.00177,0.00893,7.73,0.43,0.864,0.6016,0.00723,0.00989
"384",-0.0203508,0.764,1.46,0.039,0.00554,0.02466,0.00885,0.00493,4.25,8.59,1.1984,0.5488,0.00647,0.00847
"385",0.00743114,0.172,0.436,0.01508,0.0353,-0.00198,0.00815,0.00659,8.83,9.99,1.1872,0.976,0.00167,0.00669
"386",0.00283499,2.692,0.772,0.00252,0.04214,0.01062,0.00547,0.00823,0.33,9.41,1.0704,1.0864,0.00677,0.00615
"387",0.0157798,2.34,2.316,0.00396,0.03566,0.01614,0.00977,0.00061,5.31,1.57,0.896,1.1136,0.00637,0.00663
"388",-0.0413443,0.38,3.22,0.00852,-0.00346,-0.01698,0.00043,0.00475,2.23,4.99,0.8544,0.7168,0.00609,0.00243
"389",0.0171394,3.916,2.148,0.01012,0.02474,-0.00942,0.00589,0.00603,9.03,5.99,0.832,0.7008,0.00951,0.00065
"390",-0.0416254,1.804,3.78,0.02188,-0.00694,0.01542,0.00953,0.00949,0.31,8.77,0.7696,1.168,0.00837,0.00833
"391",-0.0457811,1.62,2.62,0.02628,0.0101,-0.01494,0.00523,0.00501,0.21,9.09,0.7392,1.1088,0.00923,0.00233
"392",0.0310922,2.508,3.42,0.02788,0.02318,0.0021,0.00803,0.00453,7.21,8.97,0.5552,1.1472,0.00241,0.00745
"393",-0.0941949,0.772,3.292,0.00732,0.0161,-0.01914,0.00873,0.00983,3.65,2.87,1.1696,0.944,0.00029,0.00301
"394",0.0324057,0.556,0.404,0.03236,0.01202,0.00186,0.00447,0.00137,6.43,6.85,0.9536,0.68,0.00849,0.00179
"395",0.0392778,1.084,2.732,0.0294,0.02234,0.00354,0.00811,0.00167,6.53,4.07,1.2592,0.52,0.00523,0.00101
"396",-0.145368,0.004,0.988,2e-04,-0.00874,-0.02922,0.00325,0.00387,0.27,6.37,1.2512,0.5856,0.00669,0.00239
"397",0.00628206,3.132,2.964,0.00348,0.03386,-0.0291,0.00707,0.00847,8.97,8.43,0.7152,1.0848,0.00585,0.00689
"398",-0.0792995,3.196,0.044,0.01556,0.00746,0.00162,0.00135,0.00239,9.21,4.83,0.8096,0.8288,0.00771,0.00581
"399",-0.00862823,1.628,0.708,0.00796,0.01802,-0.0159,0.00131,0.00803,0.43,8.85,1.0288,0.8032,0.00583,0.00899
"400",0.028807,2.268,2.708,0.01724,0.03266,0.0279,0.00599,0.00533,5.45,6.63,0.5328,1.0528,0.00641,0.00895
"401",0.0140349,3.508,2.78,0.01812,0.0203,-0.00162,0.00165,0.00187,5.03,1.71,0.9024,1.1744,0.00085,0.00691
"402",0.045449,1.748,0.508,0.01684,0.02954,0.01866,0.00561,0.00231,3.09,5.05,0.8112,1.0208,0.00045,0.00957
"403",-0.0103894,0.156,2.052,0.01692,-0.00034,0.0123,0.00763,0.00703,2.79,7.83,0.8336,0.6976,0.00181,0.00029
"404",0.0193214,0.26,3.044,0.0198,0.02546,0.02646,0.00393,0.00325,6.61,8.25,1.1312,0.6816,0.00597,0.00051
"405",-0.00072414,3.02,3.532,0.00468,0.00014,-0.02166,0.00023,0.00133,2.67,4.33,0.5952,1.0096,0.00031,0.00643
"406",0.0115492,1.388,3.308,0.00564,0.00074,0.01434,0.00565,0.00625,6.31,2.21,0.7504,0.5152,0.00389,0.00327
"407",0.0393461,3.716,0.476,0.03076,0.04406,-0.00786,0.00073,0.00085,1.31,4.73,0.9184,0.9872,0.00785,0.00585
"408",0.00774857,1.932,1.956,0.0362,0.03578,-0.01614,0.00199,0.00557,1.69,8.49,0.6752,1.2624,0.00907,0.00939
"409",0.0111203,1.068,1.444,0.00636,-0.00802,0.02022,0.00211,0.00575,1.79,6.99,0.672,0.6144,0.00235,0.00089
"410",0.0078844,0.188,2.068,0.00116,0.04886,-0.01722,0.00187,0.00349,2.13,1.67,0.688,0.5216,0.00087,0.00495
"411",0.00534583,1.404,0.332,0.003,0.0395,-0.01182,0.00167,0.00467,9.31,9.55,0.8464,1.2688,0.00475,0.00545
"412",-0.0660027,3.092,3.652,0.03428,0.00926,0.00642,0.00839,0.00769,4.93,5.25,0.6016,0.5984,0.00091,0.00935
"413",0.024388,2.124,3.892,0.0138,0.02054,0.00174,0.00341,0.00099,3.49,7.31,0.8704,0.6704,0.00419,0.00927
"414",-0.0299826,2.588,2.412,0.027,0.0473,-0.02298,0.00047,0.00781,9.65,0.59,0.8432,0.56,0.00067,0.00391
"415",-0.0099669,3.332,0.844,0.03924,-0.0043,-0.01662,0.00337,0.00969,5.61,0.79,1.2416,1.2736,0.00013,0.00461
"416",-0.0840067,3.068,1.372,0.02764,0.00398,-0.01974,0.00143,0.00923,5.81,4.27,0.528,0.8784,0.00495,0.00271
"417",0.0653324,2.004,1.676,0.03676,0.04922,0.0141,0.00555,0.00761,4.31,7.17,1.0832,1.1712,0.00925,0.00021
"418",0.0101022,3.668,1.3,0.00332,0.04802,0.00966,0.00205,0.00403,1.17,3.45,0.8624,1.0736,0.00303,0.00653
"419",0.0295055,0.796,1.332,0.02492,0.01694,0.02694,0.00859,0.00775,1.49,7.05,1.1472,0.9632,1e-05,0.00905
"420",0.0212621,1.596,1.916,0.01188,0.03506,-0.00054,0.00887,0.00897,8.93,7.65,1.112,0.5888,0.00985,0.00955
"421",-0.09825,0.804,1.684,0.011,0.0185,0.00462,0.00399,0.00553,1.29,0.17,0.904,0.592,0.00503,0.00465
"422",0.00242732,2.404,1.228,0.01092,0.01406,0.02994,0.00171,0.00415,7.13,0.65,0.856,0.96,0.00933,0.00943
"423",0.0304357,0.684,1.772,0.02052,0.04298,0.0285,0.00121,0.00341,7.23,3.75,1.1056,1.144,0.00789,0.00723
"424",0.0413236,1.516,0.876,0.03908,0.02882,0.01134,0.00677,0.00357,6.35,7.85,1.0112,1.024,0.00461,0.00915
"425",0.00688445,3.644,0.732,0.01164,0.00062,0.00654,0.00059,0.00829,3.51,3.61,1.0352,1.2592,0.00877,0.00305
"426",-0.0204584,3.964,1.148,0.03788,-0.0085,0.02562,0.00855,0.00141,1.53,8.51,1.1968,0.6608,0.00929,0.00807
"427",-0.0256889,1.836,1.748,0.01988,-0.0019,0.02082,0.00705,0.00439,6.01,0.31,1.0336,1.1248,0.00051,0.00081
"428",0.0287985,1.612,3.468,0.01948,0.03998,-0.00822,0.00371,0.00515,8.79,7.35,1.1584,0.776,0.00721,0.00645
"429",0.0317693,1.092,2.132,0.02724,0.0263,0.02658,0.00577,0.00617,8.31,4.41,1.12,0.896,0.00331,0.00991
"430",0.0292589,3.38,1.484,0.025,0.04646,-0.00474,0.00669,0.00791,1.89,6.83,1.032,0.7712,0.00595,7e-05
"431",-0.036908,0.612,2.988,0.00812,-0.00214,-0.0237,0.00637,0.00383,8.63,7.61,1.1344,0.6848,0.00437,0.00959
"432",-0.0546531,0.036,1.588,0.015,-0.00046,-0.01206,0.00967,0.00675,8.23,3.97,1.232,0.9888,0.00345,0.00441
"433",-0.0607116,3.188,0.084,0.02972,0.01862,-0.02238,0.00563,0.00225,8.27,6.27,0.9648,1.112,0.00249,0.00887
"434",0.0149223,1.252,2.868,0.00644,0.02066,0.0195,0.00985,0.00569,2.11,6.69,0.6128,1.2064,0.00819,0.00315
"435",0.0144993,1.54,3.012,0.02412,0.00182,0.0027,0.00101,0.00221,8.03,1.13,1.2144,0.9776,0.00631,0.00135
"436",-0.0119155,1.86,3.164,0.01628,-0.00778,0.01698,0.00779,0.00081,6.49,3.05,1.024,0.9936,0.00769,0.00999
"437",0.0270909,1.276,0.956,0.03324,0.0053,0.01458,0.00031,0.00441,8.43,3.23,0.736,1.2384,0.00441,0.00155
"438",0.0464941,3.484,2.836,0.0206,0.02018,0.02802,0.00987,0.00289,2.43,9.95,1.2432,0.8976,0.00967,0.00763
"439",0.01211,3.54,1.308,0.01412,-0.00334,0.01806,0.00657,0.00353,7.31,8.93,0.7904,1.2256,0.00569,0.00533
"440",0.0285783,0.86,2.42,0.03068,0.03638,-0.0213,0.00889,0.00257,9.71,1.43,0.8656,0.8432,0.00885,0.00423
"441",0.0334755,2.892,3.82,0.02844,0.03086,-0.00186,0.00419,0.00551,5.17,9.19,0.9312,0.5104,0.00515,0.00087
"442",0.0109818,0.516,2.172,0.00316,0.0113,-0.0057,0.00931,0.00271,5.53,8.53,0.9328,0.936,0.00451,0.00507
"443",0.017466,0.692,3.684,0.0114,0.0419,-0.01566,0.00083,0.00139,6.95,9.71,0.5392,0.792,0.00207,0.00481
"444",-0.012674,1.044,2.564,0.00548,0.00662,-0.01422,0.00081,0.00633,6.93,1.83,0.5664,0.8544,0.00361,0.00539
"445",-0.0582467,0.604,3.564,0.029,0.00914,-0.0183,0.00209,0.00489,2.05,7.39,0.9472,0.5456,0.00209,0.00451
"446",0.00910691,1.908,3.116,0.03396,0.02282,-0.0021,0.00605,0.00355,2.77,4.59,0.6448,1.0512,0.00555,0.00201
"447",-0.0303544,3.052,3.252,0.02124,0.0029,-0.00378,0.00543,0.00889,9.25,1.15,0.8816,0.608,0.00909,0.00759
"448",0.0088285,1.996,2.572,0.00412,0.03938,-0.00294,0.00351,0.00459,7.05,7.87,0.6224,0.8048,0.00681,0.00981
"449",-0.0123069,0.244,0.908,0.0042,0.01046,0.02346,0.00635,0.00813,0.41,8.33,0.8944,1.0912,0.00351,0.00187
"450",-0.0037566,3.692,1.572,0.02468,0.02558,0.0075,0.00213,0.00921,7.55,2.05,0.7936,0.5136,0.00805,0.00667
"451",0.0230723,2.636,1.02,0.02452,0.02834,-0.01302,0.00737,0.00497,6.09,8.29,0.9392,0.7088,0.00289,0.00641
"452",-0.0162644,3.908,2.948,0.01748,0.04022,0.0099,0.00449,0.00333,0.09,3.31,1.2736,0.9984,0.00287,0.00211
"453",-0.106729,2.492,3.26,0.03708,-0.00154,-0.01038,0.00455,0.00697,6.83,4.93,1.2864,1.056,0.00379,0.00419
"454",-0.0260114,3.996,3.02,0.02828,0.02198,-0.0165,0.00471,0.00715,8.95,2.13,0.9488,1.1376,0.00483,0.00037
"455",0.0105858,1.236,1.396,0.0258,0.00986,0.00522,0.00253,0.00639,8.75,8.83,0.8144,0.7424,0.00943,0.00395
"456",-0.0765309,3.988,1.836,0.0226,-0.00982,0.01326,0.00629,0.00887,0.37,0.05,0.6352,1.2096,0.00281,0.00141
"457",0.031651,0.052,3.212,0.03268,0.0149,0.02814,0.00619,0.00299,4.65,5.35,0.8896,1.0624,0.00267,0.00055
"458",0.0242713,2.396,2.3,0.021,0.01142,0.00846,0.00681,0.00399,2.61,4.15,0.9136,1.0896,0.00343,0.00787
"459",-0.0468216,2.684,3.62,0.03356,0.02078,-0.02406,0.00697,0.00511,9.63,1.97,0.8528,0.92,0.00019,0.00477
"460",0.0283358,1.148,2.308,0.02132,0.02846,0.02046,0.00483,0.00957,1.63,0.75,0.7184,0.816,0.00059,0.00015
"461",0.0232709,3.844,0.98,0.007,0.03302,-0.0111,0.00541,0.00993,1.01,9.83,0.9568,1.016,0.00871,0.00415
"462",0.0330611,0.988,1.004,0.0238,0.03974,0.02826,0.00951,0.00699,8.87,5.83,0.888,1.176,0.00709,0.00871
"463",0.00701085,3.316,2.14,0.00228,0.01718,-0.01806,0.00317,0.00263,3.87,9.49,0.64,0.5344,0.00693,0.00229
"464",-0.0054242,0.956,1.852,0.01756,0.0215,-0.0285,0.00183,0.00425,2.51,2.79,1.0048,0.9296,0.00535,0.00631
"465",0.0296715,2.236,2.932,0.02364,0.04394,0.0177,0.00395,0.00443,9.91,9.93,0.9664,0.8368,0.00899,0.00437
"466",0.045672,2.484,2.588,0.037,0.04838,-0.00318,0.00849,0.00047,2.95,7.49,0.8208,0.6672,0.00651,0.00779
"467",0.0323529,2.604,2.18,0.01916,0.02522,0.0297,0.00495,0.00839,3.17,6.15,1.0544,0.6928,0.00775,0.00459
"468",-0.0564862,1.26,0.868,0.01828,0.00218,-0.00342,0.00615,0.00911,1.11,1.89,0.5456,0.8848,0.00635,0.00623
"469",0.0294097,1.028,2.756,0.03292,0.0245,0.0039,0.00813,0.00435,5.25,4.47,0.7456,0.9824,0.00095,0.00463
"470",-0.0441795,3.292,3.588,0.03852,-0.00538,0.02154,0.00857,0.00417,8.11,0.97,1.0672,0.576,0.00995,0.00063
"471",0.0177351,2.18,2.684,0.01876,-0.00478,0.02166,0.00013,0.00525,5.29,6.13,0.7296,0.9424,0.00233,0.00743
"472",0.0403528,1.132,1.62,0.03892,0.02942,0.01638,0.00807,0.00559,9.05,2.67,0.6304,0.7376,0.00329,0.00349
"473",0.0373459,2.628,3.204,0.01644,0.0359,0.02982,0.00559,0.00641,6.99,3.89,0.9264,0.5632,0.00853,0.00651
"474",-0.00123461,1.764,0.244,0.0354,0.00806,-0.02814,0.00311,0.00055,3.77,9.53,1.2336,1.152,0.00171,0.00683
"475",-0.00563955,3.9,1.452,0.03204,0.01418,-0.01338,0.00751,0.00561,1.19,0.13,1.0944,0.696,0.00337,0.00701
"476",-0.00800953,0.044,0.692,0.00164,0.0335,-0.0261,0.00725,0.00151,8.57,6.07,0.8512,1.1792,0.00157,0.00677
"477",0.00569678,3.356,0.268,0.03948,0.01778,0.00774,0.00871,1e-05,0.77,4.17,0.9824,0.5008,0.00851,0.00105
"478",-0.054046,0.924,3.948,0.03732,0.00146,0.00114,0.00799,0.00245,7.33,6.45,1.288,1.1168,0.00251,0.00217
"479",-0.0892122,2.548,0.588,0.03548,-0.00202,0.02934,0.00679,0.00507,7.41,9.13,0.5296,0.9392,0.00425,0.00439
"480",0.016046,0.084,1.388,0.01564,0.04286,0.02418,0.00423,0.00413,7.53,5.63,0.6032,1.16,0.00683,0.00527
"481",0.00842691,3.308,1.404,0.00476,0.0257,-0.01014,0.00321,0.00737,4.77,7.27,1.072,1.008,0.00143,0.00399
"482",0.00557271,2.708,1.924,0.00124,0.02174,0.02178,0.00015,0.00185,9.99,7.93,0.6192,0.9792,0.00111,0.00199
"483",-0.0457522,2.852,1.124,0.02372,-0.00682,0.01206,0.00933,0.00567,1.23,0.55,1.0032,1.1936,0.00421,0.00017
"484",0.00483924,2.324,3.068,0.01148,-0.00898,-0.02958,0.00347,0.00027,5.65,3.57,0.8592,0.7552,0.00901,0.00529
"485",0.0183477,2.828,1.94,0.02092,0.01994,-0.0039,0.00431,0.00731,7.77,3.77,0.8304,1.2192,0.00795,0.00845
"486",-0.0667498,1.844,3.036,0.01772,0.0293,-0.00858,0.00593,0.00841,4.51,0.89,0.5904,0.984,0.00945,0.00835
"487",0.019244,0.252,3.108,0.02732,0.0143,0.02862,0.00061,0.00621,2.39,8.95,1.0144,0.5248,0.00773,0.00287
"488",0.00704669,1.692,2.012,0.00012,0.02702,0.01302,0.00631,0.00203,1.67,6.53,1.192,1.2976,0.00961,0.00049
"489",0.0606043,3.588,1.244,0.03636,0.04982,0.0291,0.00733,0.00527,9.83,5.85,1.1392,0.5376,0.00043,0.00371
"490",5.0379e-07,1.868,0.9,0.00492,-0.0079,0.0243,0.00999,0.00227,9.37,7.67,0.9056,0.8992,0.00747,0.00031
"491",0.0333069,3.124,3.924,0.035,0.04574,-0.01542,0.00935,0.00971,2.91,5.03,1.2192,1.1424,0.00261,0.00815
"492",0.0328648,1.716,1.804,0.02796,0.01598,0.02742,0.00019,9e-05,6.23,5.93,1.1216,1.0112,0.00145,0.00321
"493",-0.0962843,0.564,2.236,0.03772,-0.00838,0.01386,0.00879,0.00959,0.49,1.65,1.056,1.08,0.00453,0.00827
"494",-0.0734476,1.036,0.676,0.02988,-0.00886,-0.00282,0.00361,0.00071,1.97,0.09,0.8832,0.9152,0.00285,0.00873
"495",-0.0163536,3.244,2.324,0.02076,0.00254,0.0033,0.00947,0.00985,9.87,8.03,1.128,1.0384,0.00139,0.00801
"496",-0.0258829,1.268,3.668,0.03444,-0.00286,0.00366,0.00445,0.00447,0.73,4.11,1.2832,0.928,0.00179,0.00493
"497",0.00904954,2.372,1.9,0.009,0.01622,-0.01134,0.00713,0.00809,9.61,6.09,0.5984,1.2208,0.00117,0.00589
"498",0.0103968,1.492,1.012,0.00076,0.04094,-0.00834,0.00881,0.00665,3.07,4.79,0.5152,0.8224,0.00591,0.00839
"499",0.047423,1.18,3.964,0.03132,0.04826,0.00834,0.00877,0.00637,1.59,5.31,0.6144,0.5328,0.00979,0.00197
"500",0.0142944,2.62,2.596,0.00204,0.0137,0.00414,0.00333,0.00209,7.25,9.87,0.9584,1.2912,0.00873,0.00773
